rank,sec_code,edinet_code,filer_name,name_en,industry,screen_date_utc,quote_date,yfinance_ticker,ev_ebit_basis,roce_pct,ev_ebit_forward,opm_pct,equity_ratio_pct,rev_cagr_3yr_pct,pbr_current,fcf_yield_current_pct,forecast_oi_mjpy,forecast_oi_change_pct,forecast_disclosure_date,fy_end,ttm_oi_mjpy,current_price_jpy,shares_issued,current_mc_mjpy,current_ev_mjpy,composite_score,status,near_misses,notes,published_url
1,45780,E21183,大塚ホールディングス株式会社,"Otsuka Holdings Co.,Ltd.",医薬品,2026-05-21,2026-05-21,4578.T,ttm_fallback,13.9,12.20,19.42,72.27,12.41,1.98,3.92,,,,,479375,11690,526594889,6155894,5849224,1.14,near_miss_1,roce=13.90(<15.0); ev_ebit=12.20(>12); fcfy=3.92(<4.0),carried (original 70),
2,45680,E00984,第一三共株式会社,"DAIICHI SANKYO COMPANY,LIMITED",医薬品,2026-05-21,2026-05-21,4568.T,ttm_fallback,12.28,12.98,17.6,46.97,21.76,2.94,8.01,,,,,331925,2664,1819653230,4848466,4309960,0.95,near_miss_2_editorial,roce=12.28(<15.0); ev_ebit=12.98(>12),,
3,77330,E02272,オリンパス株式会社,OLYMPUS CORPORATION,精密機器,2026-05-21,2026-05-21,7733.T,ttm_fallback,16.13,12.38,16.29,52.47,9.96,2.67,6.14,,,2026-05-12,2026-03-31,162462,1848,1101102516,2034837,2011407,1.30,near_miss_1,ev_ebit=12.38(>12),,
4,96970,E02417,株式会社カプコン,"CAPCOM CO.,LTD.",情報・通信業,2026-05-21,2026-05-21,9697.T,forward,27.01,14.48,38.78,72.31,15.51,4.65,4.50,83000,10.2,2026-05-13,2026-03-31,65777,3205,418308843,1340679,1202169,1.86,near_miss_1,ev_ebit=14.48(>12),,
5,47160,E05027,日本オラクル株式会社,ORACLE CORPORATION JAPAN,情報・通信業,2026-05-21,2026-05-21,4716.T,ttm_fallback,53.05,12.37,32.95,51.73,7.07,6.96,5.66,,,2026-03-24,2026-05-31,86832,8898,128153191,1140307,1073691,4.29,near_miss_1,ev_ebit=12.37(>12),,
6,81360,E02655,株式会社サンリオ,"Sanrio Company,Ltd.",卸売業,2026-05-21,2026-05-21,8136.T,forward,33.83,12.90,35.75,53.16,40.04,9.15,4.65,75100,45.0,2026-02-12,2026-03-31,51806,869,1212453995,1053986,968665,2.62,near_miss_1,ev_ebit=12.90(>12),carried (original 70),
7,30920,E05725,株式会社ＺＯＺＯ,"ZOZO,Inc.",小売業,2026-05-21,2026-05-21,3092.T,forward,59.97,11.15,30.38,52.56,8.64,9.11,5.97,74400,7.3,2026-04-30,2026-03-31,64756,1019,884325031,901127,829641,5.38,active,,,
8,68690,E02015,シスメックス株式会社,SYSMEX CORPORATION,電気機器,2026-05-21,2026-05-21,6869.T,forward,16.15,13.23,17.22,69.71,11.82,1.80,4.23,62000,-29.2,2026-02-12,2026-03-31,87583,1373,615307111,844816,819981,1.22,near_miss_1,ev_ebit=13.23(>12),,
9,65320,E32549,株式会社ベイカレント,"BayCurrent,Inc.",サービス業,2026-05-21,2026-05-21,6532.T,forward,42.4,12.07,36.72,75.72,26.27,8.65,3.49,64800,27.2,2026-04-14,2026-02-28,42615,5537,150780654,834872,782402,3.51,near_miss_1,ev_ebit=12.07(>12); fcfy=3.49(<4.0),carried (original 70),
10,47320,E05045,株式会社ユー・エス・エス,"USS Co.,Ltd.",サービス業,2026-05-21,2026-05-21,4732.T,forward,25.07,11.79,52.11,77.56,8.48,3.70,3.92,61000,1.9,2026-05-12,2026-03-31,54206,1770,464297498,821574,719100,2.13,near_miss_1,fcfy=3.92(<4.0),,
11,41940,E36484,ビジョナル株式会社,"Visional,Inc.",情報・通信業,2026-05-21,2026-05-21,4194.T,forward,30.81,10.48,26.75,71.02,22.18,4.69,5.07,23100,7.7,2026-03-17,2026-07-31,21442,7825,40219425,314717,242057,2.94,active,,,https://jpinv.com/en/compounders/4194/
12,81110,E00603,株式会社ゴールドウイン,Goldwin Inc.,繊維製品,2026-05-21,2026-05-21,8111.T,forward,19.3,9.59,16.56,73.7,10.43,2.52,8.29,26100,0.9,2026-05-13,2026-03-31,21905,2176,136769331,297678,250322,2.01,active,,,
13,60550,E26124,ジャパンマテリアル株式会社,"JAPAN MATERIAL Co.,Ltd.",サービス業,2026-05-21,2026-05-21,6055.T,forward,19.98,12.38,21.24,83.08,11.51,3.73,5.54,15500,5.9,2026-05-13,2026-03-31,11188,2011,102774180,206678,191838,1.61,near_miss_1,ev_ebit=12.38(>12),carried (original 70),
14,97590,E04822,株式会社ＮＳＤ,"NSD CO.,LTD.",情報・通信業,2026-05-21,2026-05-21,9759.T,forward,22.24,8.75,15.63,75.43,14.83,2.62,6.64,19500,2.2,2026-05-08,2026-03-31,16849,2617,75922311,198688,170642,2.54,active,,,
15,97460,E04807,株式会社　ＴＫＣ,TKC Corporation,情報・通信業,2026-05-21,2026-05-21,9746.T,ttm_fallback,14.48,8.62,19.34,83.58,7.16,1.57,7.04,,,,,16142,3465,49794295,172537,139201,1.68,near_miss_1,roce=14.48(<15.0),,
16,47220,E05033,フューチャー株式会社,Future Corporation,情報・通信業,2026-05-21,2026-05-21,4722.T,forward,20.11,6.94,21.29,64.37,12.24,2.07,5.22,17500,8.2,2026-04-28,2026-12-31,16176,1571,88675961,139309,121508,2.90,active,,,
17,71480,E24651,株式会社ＦＰＧ,"Financial Partners Group Co.,Ltd.",証券、商品先物取引業,2026-05-21,2026-05-21,7148.T,forward,29.6,7.25,19.59,45.08,29.91,2.24,85.12,23157,-8.9,2026-04-28,2026-09-30,25417,1530,83736965,128117,167799,4.08,active,,,
18,47760,E05116,サイボウズ株式会社,"Cybozu,Inc.",情報・通信業,2026-05-21,2026-05-21,4776.T,forward,56.02,9.86,26.99,59.11,19.26,5.67,6.56,10514,4.1,2026-02-12,2025-12-31,10101,2495,46244085,115378,103719,5.68,active,,,https://jpinv.com/en/compounders/4776/
19,69470,E01966,株式会社図研,Zuken Inc.,電気機器,2026-05-21,2026-05-21,6947.T,forward,12.28,11.10,13.24,63.13,8.95,2.54,4.37,6700,14.2,2026-05-14,2026-03-31,5865,4820,21075766,101585,74361,1.11,near_miss_1,roce=12.28(<15.0); opm=13.24(<15.0),,https://jpinv.com/en/compounders/6947/
20,40710,E36635,株式会社プラスアルファ・コンサルティング,"Plus Alpha Consulting Co.,LTD.",サービス業,2026-05-21,2026-05-21,4071.T,forward,42.61,11.45,37.34,79.5,29.26,6.79,4.97,7500,17.6,2026-05-13,2026-09-30,6378,2370,42390750,100466,85902,3.72,active,,,https://jpinv.com/en/compounders/4071/
21,97570,E04817,株式会社船井総研ホールディングス,Funai Soken Holdings Incorporated,サービス業,2026-05-21,2026-05-21,9757.T,forward,33.93,9.38,26.44,74.76,9.14,3.59,10.02,9100,3.3,2026-05-13,2026-12-31,8813,1080,91173882,98467,85393,3.62,active,,,
22,44320,E33957,ウイングアーク１ｓｔ株式会社,WingArc1st Inc.,情報・通信業,2026-05-21,2026-05-21,4432.T,forward,15.33,7.61,28.62,61.07,13.12,2.08,7.40,10600,17.9,2026-04-09,2026-02-28,8216,2545,34683738,88270,80661,2.01,active,,,
23,70850,E35488,株式会社カーブスホールディングス,"CURVES HOLDINGS Co.,Ltd.",サービス業,2026-05-21,2026-05-21,7085.T,forward,22.85,9.63,16.88,51.42,10.94,3.76,7.11,7700,21.4,2026-04-13,2026-08-31,6342,838,92092592,77173,74164,2.37,active,,,
24,87710,E05665,イー・ギャランティ株式会社,"eGuarantee,Inc.",その他金融業,2026-05-21,2026-05-21,8771.T,forward,19.25,12.57,49.92,79.94,9.0,3.16,5.76,5200,1.9,2026-02-13,2026-03-31,5103,1724,44416667,76574,65358,1.53,near_miss_1,ev_ebit=12.57(>12),,
25,23530,E05327,日本駐車場開発株式会社,"NIPPON PARKING DEVELOPMENT Co.,Ltd.",不動産業,2026-05-21,2026-05-21,2353.T,forward,18.8,8.67,20.8,45.77,11.92,3.66,4.31,8500,11.0,2026-03-06,2026-07-31,7659,245,312151523,76477,73686,2.17,active,,,
26,61960,E32380,株式会社ストライク,"Strike Company,Limited",サービス業,2026-05-21,2026-05-21,6196.T,ttm_fallback,29.15,7.79,31.17,86.72,23.72,3.23,5.09,,,2026-04-30,2026-09-30,6332,1206,57608286,69475,49325,3.74,active,,,
27,78180,E24753,株式会社トランザクション,"TRANSACTION CO.,Ltd.",その他製品,2026-05-21,2026-05-21,7818.T,forward,28.08,9.83,20.79,82.63,14.53,3.40,5.43,6300,10.4,2026-04-14,2026-08-31,5706,1204,56543188,68077,61900,2.86,active,,,
28,38540,E05705,株式会社アイル,I'LL INC,情報・通信業,2026-05-21,2026-05-21,3854.T,forward,36.64,9.88,24.97,71.58,14.23,5.47,4.57,5500,14.1,2026-03-06,2026-07-31,4818,2470,24999789,61749,54347,3.71,active,,,
29,44810,E35164,ベース株式会社,"BASE CO.,LTD.",情報・通信業,2026-05-21,2026-05-21,4481.T,forward,39.29,6.92,26.39,77.27,8.52,3.86,7.93,6349,10.4,2026-02-13,2025-12-31,5749,3135,18138594,56864,43924,5.68,active,,,
30,62000,E32495,株式会社インソース,"Insource Co.,Ltd.",サービス業,2026-05-21,2026-05-21,6200.T,forward,47.61,7.08,41.2,77.32,15.5,4.21,7.82,6380,6.7,2026-05-07,2026-09-30,5978,635,83988929,53332,45141,6.73,active,,,
31,60880,E30130,株式会社シグマクシス・ホールディングス,SIGMAXYZ Holdings Inc.,サービス業,2026-05-21,2026-05-21,6088.T,forward,37.69,6.05,21.45,72.3,18.87,3.09,8.22,6600,8.8,2026-05-08,2026-03-31,5638,578,81032853,46836,39907,6.23,active,,,
32,299A0,E40236,ｄｅｌｙ株式会社,"Kurashiru,Inc.",情報・通信業,2026-05-21,2026-05-21,299A.T,forward,25.13,10.48,20.32,80.53,27.57,4.36,3.89,3573,3.2,2026-05-01,2026-03-31,2662,1087,42618560,46326,37438,2.40,near_miss_1,fcfy=3.89(<4.0),,
33,38360,E05663,株式会社アバントグループ,AVANT GROUP CORPORATION,情報・通信業,2026-05-21,2026-05-21,3836.T,forward,28.9,4.86,16.31,64.0,14.71,2.48,10.69,5100,10.8,2026-04-30,2026-06-30,4604,1153,34621952,39919,24790,5.95,active,,,
34,43770,E36944,株式会社ワンキャリア,ONE CAREER Inc.,情報・通信業,2026-05-21,2026-05-21,4377.T,forward,38.42,9.63,28.09,69.08,38.7,6.31,5.40,3000,41.0,2026-02-12,2025-12-31,2128,1899,18362529,34870,28880,3.99,active,,,
35,44750,E35150,ＨＥＮＮＧＥ株式会社,HENNGE K.K.,情報・通信業,2026-05-21,2026-05-21,4475.T,forward,48.46,13.11,16.41,35.78,24.6,8.92,7.72,2057,14.7,2026-05-07,2026-09-30,1793,1100,31172568,34289,26970,3.70,near_miss_2_editorial,ev_ebit=13.11(>12); eqr=35.78(<40.0),"Editorial inclusion: SaaS with contract liabilities ¥4,680M (43.6% of TA) mechanically depresses equity ratio. Adjusted equity ratio (NA / (TA - contract_liab)) = 63.4%. Plus EV/EBIT FWD 12.49x is 0.49x over ceiling. Both within Standard §14 near-miss tolerance — editorial-override eligible.",https://jpinv.com/en/compounders/4475/
36,94670,E30908,株式会社アルファポリス,"AlphaPolis Co.,Ltd.",情報・通信業,2026-05-21,2026-05-21,9467.T,forward,23.42,5.26,23.66,81.15,14.43,2.27,5.90,3720,,2026-02-13,2026-03-31,3222,1069,29061204,31066,19577,4.45,active,,,
37,39830,E33039,株式会社オロ,"ORO Co.,Ltd.",情報・通信業,2026-05-21,2026-05-21,3983.T,forward,24.29,7.39,31.89,75.34,10.18,2.93,6.16,2930,10.6,2026-02-13,2025-12-31,2649,2009,15460703,31060,21640,3.29,active,,,
38,39220,E31965,株式会社ＰＲ　ＴＩＭＥＳ,PR TIMES Corporation,情報・通信業,2026-05-21,2026-05-21,3922.T,forward,27.18,7.52,23.46,83.78,18.13,4.38,3.52,3250,-10.3,2026-04-13,2026-02-28,1877,2223,13508135,30028,24425,3.62,near_miss_1,fcfy=3.52(<4.0),,
39,50380,E37902,株式会社ｅＷｅＬＬ,"eWeLL Co.,Ltd.",情報・通信業,2026-05-21,2026-05-21,5038.T,forward,44.21,13.75,45.32,78.79,28.38,8.69,3.60,1927,25.4,2026-02-13,2025-12-31,1537,1942,15116496,29356,26498,3.22,near_miss_1,ev_ebit=13.75(>12); fcfy=3.60(<4.0),,
40,37980,E05521,ＵＬＳグループ株式会社,"ULS Group,Inc.",情報・通信業,2026-05-21,2026-05-21,3798.T,forward,25.03,5.91,19.87,77.22,21.47,2.62,4.69,3700,21.4,2026-05-13,2026-03-31,2623,513,56546380,29008,21871,4.23,active,,,
41,296A0,E40164,令和アカウンティング・ホールディングス株式会社,"Reiwa Accounting Holdings Co.,Ltd.",サービス業,2026-05-21,2026-05-21,296A.T,forward,47.8,11.93,30.02,66.32,17.55,9.10,3.56,2160,8.7,2026-04-22,2026-03-31,1494,753,37403000,28164,25772,4.01,near_miss_2_editorial,fcfy=3.56(<4.0),,
42,39840,E33026,株式会社ユーザーローカル,"User Local,Inc.",情報・通信業,2026-05-21,2026-05-21,3984.T,forward,22.66,8.79,43.03,87.24,19.52,3.17,5.53,2207,12.0,2026-05-07,2026-06-30,1971,1758,15893861,27941,19395,2.58,active,,,https://jpinv.com/en/compounders/3984/
43,39890,E33242,シェアリングテクノロジー株式会社,SHARINGTECHNOLOGY.INC,情報・通信業,2026-05-21,2026-05-21,3989.T,forward,38.32,8.01,24.17,69.33,24.66,4.57,6.75,2350,13.3,2026-02-13,2026-09-30,2074,1000,23931269,23931,18812,4.79,active,,,
44,65390,E32801,株式会社ＭＳ－Ｊａｐａｎ,"MATCHING SERVICE JAPAN CO.,LTD.",サービス業,2026-05-21,2026-05-21,6539.T,forward,16.17,10.58,21.47,90.15,25.75,2.37,5.21,1796,7.4,2026-05-12,2026-03-31,1604,927,24853048,23038,18999,1.53,active,,,
45,40580,E35911,トヨクモ株式会社,"Toyokumo,Inc.",情報・通信業,2026-05-21,2026-05-21,4058.T,forward,38.54,9.43,33.04,62.11,35.87,5.47,2.94,1900,18.3,2026-02-13,2025-12-31,1605,2059,10843000,22325,17918,4.09,near_miss_1,fcfy=2.94(<4.0),carried (original 70),https://jpinv.com/en/compounders/4058/
46,23010,E05286,株式会社学情,"GAKUJO CO.,Ltd.",サービス業,2026-05-21,2026-05-21,2301.T,forward,15.41,5.16,21.17,86.98,17.61,1.24,10.56,3250,39.3,2026-03-09,2026-10-31,2332,1599,13419715,21458,16773,2.99,active,,,
47,421A0,E40925,株式会社ムービン・ストラテジック・キャリア,ムービン/ストラテジック/キャリア,サービス業,2026-05-21,2026-05-21,421A.T,forward,47.29,6.20,46.4,76.94,12.47,5.54,7.92,2660,50.9,2026-05-13,2026-12-31,1763,2448,8442200,20666,16494,7.63,active,,,
48,43930,E34116,株式会社バンク・オブ・イノベーション,"Bank of Innovation,Inc.",情報・通信業,2026-05-21,2026-05-21,4393.T,ttm_fallback,36.41,6.96,17.42,73.22,72.05,3.44,14.81,,,2026-02-13,2026-09-30,2154,5080,3974243,20189,14990,5.23,active,,,
49,36490,E25283,株式会社ファインデックス,FINDEX Inc.,情報・通信業,2026-05-21,2026-05-21,3649.T,forward,30.96,9.12,29.3,80.31,10.4,3.07,7.43,1829,2.2,2026-02-12,2025-12-31,1790,747,24408535,18233,16674,3.40,active,,,
50,73730,E36648,株式会社アイドマ・ホールディングス,"Aidma Holdings,Inc.",サービス業,2026-05-21,2026-05-21,7373.T,forward,42.39,3.19,23.38,66.13,28.91,2.43,9.34,4000,28.9,2026-04-10,2026-08-31,3102,1209,14862940,17969,12752,13.30,active,,,
51,60370,E31248,楽待株式会社,"RAKUMACHI,INC.",サービス業,2026-05-21,2026-05-21,6037.T,forward,29.12,9.08,48.9,86.64,18.98,3.37,7.85,1800,16.5,2026-03-13,2026-07-31,1544,904,19388558,17527,16336,3.21,active,,,
52,38350,E05659,ｅＢＡＳＥ株式会社,"eBASE Co.,Ltd.",情報・通信業,2026-05-21,2026-05-21,3835.T,ttm_fallback,23.5,6.87,31.66,90.7,7.92,2.24,7.25,,,,,1731,394,43943738,17313,11892,3.42,active,,,
53,44930,E35354,株式会社サイバーセキュリティクラウド,"Cyber Security Cloud,Inc.",情報・通信業,2026-05-21,2026-05-21,4493.T,forward,23.87,10.12,21.69,75.8,30.73,3.55,3.64,1200,8.8,2026-02-13,2025-12-31,1102,1547,10247587,15853,12146,2.36,near_miss_1,fcfy=3.64(<4.0),,
54,431A0,E40964,ユーソナー株式会社,ユーソナー,情報・通信業,2026-05-21,2026-05-21,431A.T,forward,29.67,6.62,19.34,58.36,21.18,3.51,3.33,1764,26.9,2026-02-13,2025-12-31,1390,1929,8215200,15847,11671,4.48,near_miss_1,fcfy=3.33(<4.0),,
55,44820,E35284,株式会社ウィルズ,WILLs Inc.,情報・通信業,2026-05-21,2026-05-21,4482.T,forward,49.87,7.85,21.52,53.82,16.62,5.54,6.54,1500,,2026-02-16,2025-12-31,1302,736,20222228,14883,11774,6.35,active,,,
56,92720,E33882,ブティックス株式会社,"Boutiques,Inc.",小売業,2026-05-21,2026-05-21,9272.T,forward,40.81,5.15,23.75,43.86,35.23,6.75,9.44,2211,41.8,2026-05-13,2026-03-31,1228,1445,9785250,14139,11378,7.93,active,,,
57,61760,E31776,株式会社ブランジスタ,Brangista Inc.,サービス業,2026-05-21,2026-05-21,6176.T,forward,15.11,8.83,22.16,69.38,15.64,2.03,3.93,1450,25.9,2026-02-13,2026-09-30,1151,955,14470312,13819,12810,1.71,near_miss_1,fcfy=3.93(<4.0),,
58,24770,E05564,手間いらず株式会社,"Temairazu,Inc.",サービス業,2026-05-21,2026-05-21,2477.T,forward,23.77,4.20,73.63,93.77,10.24,1.93,7.84,1640,1.9,2026-05-12,2026-06-30,1608,2248,5995073,13476,6888,5.66,active,,,
59,56210,E39194,株式会社ヒューマンテクノロジーズ,"Human Technologies,Inc.",情報・通信業,2026-05-21,2026-05-21,5621.T,forward,21.01,7.19,15.38,75.26,19.09,2.98,5.97,1285,38.1,2026-02-13,2026-03-31,930,1378,9593157,13219,9245,2.92,active,,,
60,77750,E22509,大研医器株式会社,"DAIKEN MEDICAL CO.,LTD.",精密機器,2026-05-21,2026-05-21,7775.T,ttm_fallback,18.11,7.51,15.19,67.22,5.23,1.48,7.74,,,,,1512,429,28728437,12324,11355,2.41,active,,,
61,95540,E37744,株式会社ＡＶｉＣ,"AViC Co.,Ltd.",サービス業,2026-05-21,2026-05-21,9554.T,forward,25.44,9.82,27.03,59.23,29.11,4.72,4.47,984,35.9,2026-02-13,2026-09-30,724,1740,6339715,11031,9661,2.59,active,,,
62,38040,E05516,株式会社システム　ディ,System D Inc.,情報・通信業,2026-05-21,2026-05-21,3804.T,forward,17.27,7.75,18.64,68.03,5.94,1.96,3.42,1028,9.6,2026-03-16,2026-10-31,938,513,19240281,9870,7963,2.23,near_miss_1,fcfy=3.42(<4.0),,
63,39630,E32647,株式会社シンクロ・フード,"Synchro Food Co.,Ltd.",情報・通信業,2026-05-21,2026-05-21,3963.T,forward,20.48,6.70,27.77,86.88,26.36,1.77,4.51,685,-37.6,2026-02-13,2026-03-31,1097,340,28042588,9534,4586,3.06,active,,,
64,41680,E36107,株式会社ヤプリ,"Yappli, Inc.",情報・通信業,2026-05-21,2026-05-21,4168.T,forward,24.4,8.43,14.6,62.5,13.3,3.03,8.24,1000,13.3,2026-02-13,2026-12-31,882,741,12778466,9468,8427,2.90,near_miss_1,opm=14.60(<15.0),No-code mobile-platform SaaS; multi-product pivot (WebX/MiniApp/MobileOrder); net cash 11% of MC; first-ever dividend FY25 + 2x upward revisions to FY26 ¥15.,https://jpinv.com/en/compounders/4168/
65,95600,E37936,株式会社プログリット,PROGRIT Inc.,サービス業,2026-05-21,2026-05-21,9560.T,forward,48.88,4.10,20.93,50.84,36.64,3.89,7.99,1420,18.1,2026-04-09,2026-08-31,1202,719,12503621,8990,5823,11.92,active,,,
66,55700,E38541,株式会社ジェノバ,"JENOBA CO.,LTD.",情報・通信業,2026-05-21,2026-05-21,5570.T,forward,22.9,7.41,56.62,88.2,5.56,2.37,3.59,779,0.7,2026-05-12,2026-09-30,773,668,13232000,8838,5772,3.09,near_miss_1,fcfy=3.59(<4.0),,
67,48110,E39009,株式会社ドリーム・アーツ,DreamArts Corporation,情報・通信業,2026-05-21,2026-05-21,4811.T,forward,31.43,5.16,17.24,54.9,15.49,2.82,11.87,865,-11.2,2026-02-12,2025-12-31,974,717,11980550,8590,4467,6.09,active,,,
68,58430,E38716,ニッポンインシュア株式会社,"Nippon Insure Co.,Ltd.",その他金融業,2026-05-21,2026-05-21,5843.T,forward,29.05,5.12,20.31,46.74,12.79,2.67,4.70,883,16.4,2026-02-13,2026-09-30,759,2364,2869697,6783,4518,5.68,active,,,https://jpinv.com/en/compounders/5843/
69,92710,E33858,株式会社和心,"Wagokoro co.,ltd.",小売業,2026-05-21,2026-05-21,9271.T,forward,39.73,8.29,20.39,67.93,40.82,5.17,7.20,750,32.2,2026-02-13,2025-12-31,567,985,6561724,6463,6217,4.79,active,,,
70,324A0,E40334,株式会社ブッキングリゾート,"Booking Resort Co.,Ltd.",サービス業,2026-05-21,2026-05-21,324A.T,forward,22.84,6.62,35.38,74.49,59.58,2.37,7.34,553,7.4,2026-03-13,2026-04-30,515,835,5414800,4521,3663,3.45,active,,,
71,44280,E34509,株式会社シノプス,sinops Inc.,情報・通信業,2026-05-21,2026-05-21,4428.T,forward,16.25,8.06,15.15,77.86,11.93,2.07,7.25,390,26.1,2026-02-12,2025-12-31,309,634,6217478,3941,3141,2.02,active,,,
72,60900,E30071,ヒューマン・メタボローム・テクノロジーズ株式会社,"Human Metabolome Technologies,Inc.",サービス業,2026-05-21,2026-05-21,6090.T,ttm_fallback,12.96,8.19,17.15,80.38,5.95,1.80,5.02,,,,,249,634,5553879,3521,2038,1.58,near_miss_1,roce=12.96(<15.0),,
73,340A0,E40189,株式会社ジグザグ,"zig-zag,Inc.",情報・通信業,2026-05-21,2026-05-21,340A.T,forward,28.63,3.99,22.86,52.37,36.14,2.47,6.81,328,1.8,2026-04-13,2026-05-31,322,354,7753815,2744,1307,7.18,active,,,
74,51380,E38171,株式会社Ｒｅｂａｓｅ,"Rebase,Inc.",情報・通信業,2026-05-21,2026-05-21,5138.T,forward,35.18,8.95,25.28,70.35,29.35,1.57,17.08,70,-85.6,2026-02-13,2026-03-31,487,441,4914858,2167,626,3.93,active,,,
75,137A0,E39349,Ｃｏｃｏｌｉｖｅ株式会社,"Cocolive,Inc.",情報・通信業,2026-05-21,2026-05-21,137A.T,forward,31.43,6.54,21.48,84.09,32.7,2.30,10.69,182,-34.7,2026-04-10,2026-05-31,279,684,3024540,2068,1190,4.80,active,,,
76,99830,E03217,株式会社ファーストリテイリング,"FAST RETAILING CO.,LTD.",小売業,2026-05-21,2026-05-21,9983.T,ttm_fallback,19.14,39.86,16.59,58.9,13.9,9.54,0.01,,,,,564265,73300,306839741,22491353,22491353,0.48,fails_current_screen,ev_ebit=39.86(>15 or <1.6); fcfy=0.01(<4.0),,
77,80350,E02652,東京エレクトロン株式会社,Tokyo Electron Limited,電気機器,2026-05-21,2026-05-21,8035.T,ttm_fallback,35.8,31.27,28.68,70.65,6.66,11.77,1.86,,,,,697319,48800,456817198,22292679,21807607,1.14,fails_current_screen,ev_ebit=31.27(>15 or <1.6); fcfy=1.86(<4.0),,
78,68570,E01950,株式会社アドバンテスト,ADVANTEST CORPORATION,電気機器,2026-05-21,2026-05-21,6857.T,ttm_fallback,41.88,84.29,29.26,59.3,23.21,36.65,1.26,,,,,228161,26745,725386077,19400450,19231409,0.50,fails_current_screen,ev_ebit=84.29(>15 or <1.6); fcfy=1.26(<4.0),,
79,68610,E01967,株式会社キーエンス,KEYENCE CORPORATION,電気機器,2026-05-21,2026-05-21,6861.T,ttm_fallback,17.61,33.13,51.91,94.51,11.94,5.98,0.69,,,,,549775,76960,242525136,18664734,18213019,0.53,fails_current_screen,ev_ebit=33.13(>15 or <1.6); fcfy=0.69(<4.0),,
80,40630,E00776,信越化学工業株式会社,"Shin-Etsu Chemical Co.,Ltd.",化学,2026-05-21,2026-05-21,4063.T,ttm_fallback,14.55,15.99,28.97,85.82,7.28,2.70,5.79,,,,,742105,6857,1856803906,12732104,11866209,0.91,fails_current_screen,roce=14.55(<15.0); ev_ebit=15.99(>15 or <1.6),,
81,61460,E01506,株式会社ディスコ,DISCO CORPORATION,機械,2026-05-21,2026-05-21,6146.T,ttm_fallback,33.79,41.31,42.42,75.33,15.72,14.50,0.73,,,,,166834,65650,108462025,7120531,6891364,0.82,fails_current_screen,ev_ebit=41.31(>15 or <1.6); fcfy=0.73(<4.0),,
82,46610,E04707,株式会社オリエンタルランド,"ORIENTAL LAND CO.,LTD.",サービス業,2026-05-21,2026-05-21,4661.T,ttm_fallback,14.31,20.56,25.33,67.95,35.06,3.26,-1.64,,,,,172111,2142,1639515507,3511022,3539298,0.70,fails_current_screen,roce=14.31(<15.0); ev_ebit=20.56(>15 or <1.6); fcfy=-1.64(<4.0),,
83,45430,E01630,テルモ株式会社,TERUMO CORPORATION,精密機器,2026-05-21,2026-05-21,4543.T,ttm_fallback,9.93,21.52,15.22,74.85,13.79,2.50,3.73,,,,,157668,2332,1475083041,3439893,3392859,0.46,fails_current_screen,roce=9.93(<15.0); ev_ebit=21.52(>15 or <1.6); fcfy=3.73(<4.0),,
84,69200,E01991,レーザーテック株式会社,Lasertec Corporation,電気機器,2026-05-21,2026-05-21,6920.T,ttm_fallback,58.03,27.07,48.85,63.68,40.65,15.55,2.22,,,,,122843,38060,89630673,3411343,3325256,2.14,fails_current_screen,ev_ebit=27.07(>15 or <1.6); fcfy=2.22(<4.0),,
85,79360,E02378,株式会社アシックス,ASICS Corporation,その他製品,2026-05-21,2026-05-21,7936.T,ttm_fallback,41.58,22.21,17.58,46.61,18.72,11.38,2.51,,,,,142519,4520,708911962,3204282,3165590,1.87,fails_current_screen,ev_ebit=22.21(>15 or <1.6); fcfy=2.51(<4.0),,
86,43070,E05062,株式会社野村総合研究所,"Nomura Research Institute,Ltd.",情報・通信業,2026-05-21,2026-05-21,4307.T,forward,19.58,15.95,17.64,46.75,7.73,6.10,3.08,175000,200.3,2026-04-24,2026-03-31,134907,4681,574404509,2688787,2791213,1.23,fails_current_screen,ev_ebit=15.95(>15 or <1.6); fcfy=3.08(<4.0),,
87,97660,E01956,コナミグループ株式会社,KONAMI GROUP CORPORATION,情報・通信業,2026-05-21,2026-05-21,9766.T,ttm_fallback,18.58,23.62,24.18,72.45,12.07,5.18,1.77,,,,,101944,19495,135556483,2642673,2408362,0.79,fails_current_screen,ev_ebit=23.62(>15 or <1.6); fcfy=1.77(<4.0),,
88,45070,E00923,塩野義製薬株式会社,"Shionogi & Co.,Ltd.",医薬品,2026-05-21,2026-05-21,4507.T,ttm_fallback,11.14,13.95,35.73,88.7,9.36,1.77,3.13,,,,,156603,2981,850975437,2536757,2183844,0.80,fails_current_screen,roce=11.14(<15.0); ev_ebit=13.95(>12); fcfy=3.13(<4.0),,
89,46840,E05025,株式会社オービック,"OBIC Co.,Ltd.",情報・通信業,2026-05-21,2026-05-21,4684.T,ttm_fallback,16.69,20.39,64.65,86.7,10.66,3.66,3.27,,,,,78378,4156,432650790,1798096,1598031,0.82,fails_current_screen,ev_ebit=20.39(>15 or <1.6); fcfy=3.27(<4.0),,
90,36590,E25850,株式会社ネクソン,"NEXON Co.,Ltd.",情報・通信業,2026-05-21,2026-05-21,3659.T,ttm_fallback,10.45,10.83,26.1,74.99,10.33,1.69,15.30,,,,,124012,2262,791275365,1789864,1343141,0.96,fails_current_screen,roce=10.45(<15.0),,
91,41860,E00854,東京応化工業株式会社,"TOKYO OHKA KOGYO CO.,LTD.",化学,2026-05-21,2026-05-21,4186.T,ttm_fallback,17.17,25.84,19.99,72.27,10.55,5.22,0.79,,,,,47386,10570,119900516,1267348,1224603,0.66,fails_current_screen,ev_ebit=25.84(>15 or <1.6); fcfy=0.79(<4.0),,
92,68560,E01901,株式会社堀場製作所,"HORIBA,Ltd.",電気機器,2026-05-21,2026-05-21,6856.T,ttm_fallback,13.25,17.63,15.92,67.27,7.23,3.00,2.82,,,,,53040,24905,42004368,1046118,935130,0.75,fails_current_screen,roce=13.25(<15.0); ev_ebit=17.63(>15 or <1.6); fcfy=2.82(<4.0),,
93,96020,E04583,東宝株式会社,"TOHO CO.,LTD",情報・通信業,2026-05-21,2026-05-21,9602.T,ttm_fallback,11.51,14.82,20.65,75.77,11.1,2.08,3.21,,,,,64684,1242,831851262,1033159,958459,0.78,fails_current_screen,roce=11.51(<15.0); ev_ebit=14.82(>12); fcfy=3.21(<4.0),,
94,77470,E02349,朝日インテック株式会社,"ASAHI INTECC CO.,LTD.",精密機器,2026-05-21,2026-05-21,7747.T,ttm_fallback,18.19,30.98,25.06,78.35,15.57,6.42,2.78,,,,,30079,3671,265324323,974005,931903,0.59,fails_current_screen,ev_ebit=30.98(>15 or <1.6); fcfy=2.78(<4.0),,
95,40210,E00759,日産化学株式会社,Nissan Chemical Corporation,化学,2026-05-21,2026-05-21,4021.T,forward,22.59,16.40,22.61,71.4,6.52,4.06,4.36,59000,3.8,2026-02-09,2026-03-31,56833,7119,134113748,954755,967775,1.38,fails_current_screen,ev_ebit=16.40(>15 or <1.6),,
96,24130,E05425,エムスリー株式会社,"M3,Inc.",サービス業,2026-05-21,2026-05-21,2413.T,ttm_fallback,12.6,13.16,22.1,65.05,11.03,2.48,1.33,,,,,62971,1407,667429163,939072,828559,0.96,fails_current_screen,roce=12.60(<15.0); ev_ebit=13.16(>12); fcfy=1.33(<4.0),,
97,53440,E01210,株式会社ＭＡＲＵＷＡ,"MARUWA CO.,LTD.",ガラス・土石製品,2026-05-21,2026-05-21,5344.T,ttm_fallback,20.97,29.35,37.46,89.86,9.75,6.72,2.05,,,,,26914,69820,12339886,861570,790002,0.71,fails_current_screen,ev_ebit=29.35(>15 or <1.6); fcfy=2.05(<4.0),,
98,63680,E01571,オルガノ株式会社,ORGANO CORPORATION,機械,2026-05-21,2026-05-21,6368.T,ttm_fallback,23.94,24.54,19.06,62.34,13.36,6.23,2.50,,,,,31120,16480,45982348,757789,763595,0.98,fails_current_screen,ev_ebit=24.54(>15 or <1.6); fcfy=2.50(<4.0),,
99,85720,E03693,アコム株式会社,"ACOM CO.,LTD.",その他金融業,2026-05-21,2026-05-21,8572.T,ttm_fallback,4.93,23.04,18.43,47.7,6.62,1.13,-0.75,,,,,58561,469,1566613908,734428,1349230,0.21,fails_current_screen,roce=4.93(<15.0); ev_ebit=23.04(>15 or <1.6); fcfy=-0.75(<4.0),,
100,23710,E05350,株式会社カカクコム,"Kakaku.com,Inc.",サービス業,2026-05-21,2026-05-21,2371.T,ttm_fallback,44.39,21.38,37.35,66.11,14.89,10.87,3.63,,,,,29293,3401,197836267,672841,626232,2.08,fails_current_screen,ev_ebit=21.38(>15 or <1.6); fcfy=3.63(<4.0),,
101,63230,E02328,ローツェ株式会社,RORZE CORPORATION,機械,2026-05-21,2026-05-21,6323.T,ttm_fallback,21.77,19.39,25.74,68.56,22.91,5.53,4.66,,,,,32024,3752,173431740,650715,620998,1.12,fails_current_screen,ev_ebit=19.39(>15 or <1.6),,
102,44030,E00880,日油株式会社,NOF CORPORATION,化学,2026-05-21,2026-05-21,4403.T,forward,15.16,11.00,19.01,78.26,7.35,2.23,2.44,50000,5.5,2026-05-11,2026-03-31,45308,2772,226434665,627563,549898,1.38,fails_current_screen,fcfy=2.44(<4.0),,
103,75640,E03296,株式会社ワークマン,"WORKMAN CO.,LTD.",小売業,2026-05-21,2026-05-21,7564.T,ttm_fallback,17.41,22.90,17.81,83.4,5.61,4.38,-0.87,,,,,24394,7280,81613128,594143,558569,0.76,fails_current_screen,ev_ebit=22.90(>15 or <1.6); fcfy=-0.87(<4.0),,
104,68710,E02030,株式会社日本マイクロニクス,"MICRONICS JAPAN CO.,LTD.",電気機器,2026-05-21,2026-05-21,6871.T,ttm_fallback,21.83,34.60,23.57,66.7,16.55,8.55,-1.50,,,,,16542,15040,38764228,583013,572414,0.63,fails_current_screen,ev_ebit=34.60(>15 or <1.6); fcfy=-1.50(<4.0),,
105,46260,E00913,太陽ホールディングス株式会社,"TAIYO HOLDINGS CO.,LTD.",化学,2026-05-21,2026-05-21,4626.T,ttm_fallback,14.33,25.31,18.54,53.63,6.7,4.96,2.86,,,,,22067,4836,111276762,538134,558603,0.57,fails_current_screen,roce=14.33(<15.0); ev_ebit=25.31(>15 or <1.6); fcfy=2.86(<4.0),,
106,268A0,E39892,リガク・ホールディングス株式会社,Rigaku Holdings Corporation,精密機器,2026-05-21,2026-05-21,268A.T,ttm_fallback,11.02,34.45,17.74,47.73,14.53,6.07,0.52,,,,,16709,2375,226383099,537659,575550,0.32,fails_current_screen,roce=11.02(<15.0); ev_ebit=34.45(>15 or <1.6); fcfy=0.52(<4.0),,
107,48160,E02458,東映アニメーション株式会社,"TOEI ANIMATION CO.,LTD.",情報・通信業,2026-05-21,2026-05-21,4816.T,forward,20.66,17.86,32.16,80.22,20.93,3.26,4.21,25000,-19.4,2026-05-13,2026-03-31,32432,2512,204312971,513234,446452,1.16,fails_current_screen,ev_ebit=17.86(>15 or <1.6),,
108,47330,E05048,株式会社オービックビジネスコンサルタント,"OBIC BUSINESS CONSULTANTS CO.,LTD.",情報・通信業,2026-05-21,2026-05-21,4733.T,ttm_fallback,13.11,13.69,46.28,76.2,10.57,2.87,3.62,,,,,21744,6101,75176703,458653,297605,0.96,fails_current_screen,roce=13.11(<15.0); ev_ebit=13.69(>12); fcfy=3.62(<4.0),,
109,93360,E38148,大栄環境株式会社,"Daiei Kankyo Co.,Ltd.",サービス業,2026-05-21,2026-05-21,9336.T,ttm_fallback,13.83,20.45,26.88,51.21,7.25,4.47,0.96,,,,,21548,4285,99847924,427848,440741,0.68,fails_current_screen,roce=13.83(<15.0); ev_ebit=20.45(>15 or <1.6); fcfy=0.96(<4.0),,
110,71640,E09753,全国保証株式会社,"ZENKOKU HOSHO Co.,Ltd.",その他金融業,2026-05-21,2026-05-21,7164.T,ttm_fallback,9.27,8.10,73.67,48.47,5.27,1.66,8.47,,,,,41974,3027,132861715,402172,339788,1.15,fails_current_screen,roce=9.27(<15.0),,
111,96050,E04585,東映株式会社,"TOEI COMPANY,LTD.",情報・通信業,2026-05-21,2026-05-21,9605.T,ttm_fallback,8.75,7.95,19.54,76.42,15.25,1.11,4.62,,,,,35155,5620,62486932,351176,279599,1.10,fails_current_screen,roce=8.75(<15.0),,
112,65440,E33034,ジャパンエレベーターサービスホールディングス株式会社,"JAPAN ELEVATOR SERVICE HOLDINGS CO.,LTD.",サービス業,2026-05-21,2026-05-21,6544.T,ttm_fallback,37.27,39.55,17.47,57.38,18.4,16.95,1.22,,,,,8624,1892,178763918,338131,341071,0.94,fails_current_screen,ev_ebit=39.55(>15 or <1.6); fcfy=1.22(<4.0),,
113,62780,E01505,ユニオンツール株式会社,UNION TOOL CO.,機械,2026-05-21,2026-05-21,6278.T,ttm_fallback,10.71,36.80,21.73,90.7,11.35,3.71,0.21,,,,,8728,19390,17413413,337646,321223,0.29,fails_current_screen,roce=10.71(<15.0); ev_ebit=36.80(>15 or <1.6); fcfy=0.21(<4.0),,
114,39230,E31878,株式会社ラクス,"RAKUS Co.,Ltd.",情報・通信業,2026-05-21,2026-05-21,3923.T,ttm_fallback,45.93,30.32,20.84,69.43,33.34,14.57,1.74,,,,,10192,904,354109341,320185,309035,1.51,fails_current_screen,ev_ebit=30.32(>15 or <1.6); fcfy=1.74(<4.0),,
115,22220,E00387,寿スピリッツ株式会社,"Kotobuki Spirits Co.,Ltd.",食料品,2026-05-21,2026-05-21,2222.T,ttm_fallback,41.69,16.65,24.34,77.12,30.99,7.65,3.17,,,,,17610,2000,154433036,308866,293155,2.50,fails_current_screen,ev_ebit=16.65(>15 or <1.6); fcfy=3.17(<4.0),,
116,64540,E02381,マックス株式会社,"MAX CO.,LTD.",機械,2026-05-21,2026-05-21,6454.T,ttm_fallback,13.15,18.13,15.75,85.09,7.48,2.76,4.34,,,,,14468,1643,179814748,295435,262371,0.73,fails_current_screen,roce=13.15(<15.0); ev_ebit=18.13(>15 or <1.6),,
117,24320,E05460,株式会社ディー・エヌ・エー,"DeNA Co.,Ltd.",サービス業,2026-05-21,2026-05-21,2432.T,ttm_fallback,9.49,8.19,17.67,47.67,7.81,1.07,9.50,,,,,28973,2740,102789132,281693,237296,1.16,fails_current_screen,roce=9.49(<15.0),,
118,40990,E00841,四国化成ホールディングス株式会社,SHIKOKU KASEI HOLDINGS CORPORATION,化学,2026-05-21,2026-05-21,4099.T,ttm_fallback,9.35,21.70,15.37,65.51,14.94,2.55,5.35,,,,,10869,5710,43249220,246953,235821,0.43,fails_current_screen,roce=9.35(<15.0); ev_ebit=21.70(>15 or <1.6),,
119,53840,E01207,株式会社フジミインコーポレーテッド,FUJIMI INCORPORATED,ガラス・土石製品,2026-05-21,2026-05-21,5384.T,ttm_fallback,15.02,18.45,18.85,84.59,6.51,2.93,-1.20,,,,,11780,3250,74183256,241095,217308,0.81,fails_current_screen,ev_ebit=18.45(>15 or <1.6); fcfy=-1.20(<4.0),,
120,43730,E36928,シンプレクス・ホールディングス株式会社,"Simplex Holdings,Inc.",情報・通信業,2026-05-21,2026-05-21,4373.T,ttm_fallback,16.79,21.29,22.8,61.77,15.73,4.47,4.57,,,,,10804,1005,223730424,224849,230036,0.79,fails_current_screen,ev_ebit=21.29(>15 or <1.6),,
121,41070,E01028,伊勢化学工業株式会社,ISE CHEMICALS CORPORATION,化学,2026-05-21,2026-05-21,4107.T,ttm_fallback,22.74,23.15,24.16,78.55,15.37,5.54,0.38,,,,,9484,4385,50957770,223449,219513,0.98,fails_current_screen,ev_ebit=23.15(>15 or <1.6); fcfy=0.38(<4.0),,
122,97930,E04931,株式会社ダイセキ,"Daiseki Co.,Ltd.",サービス業,2026-05-21,2026-05-21,9793.T,ttm_fallback,14.37,12.47,21.27,82.59,5.78,2.26,3.23,,,,,14318,4285,47285524,202618,178530,1.15,fails_current_screen,roce=14.37(<15.0); ev_ebit=12.47(>12); fcfy=3.23(<4.0),,
123,49710,E01054,メック株式会社,MEC COMPANY LTD.,化学,2026-05-21,2026-05-21,4971.T,ttm_fallback,18.08,30.34,27.44,83.66,8.66,5.61,0.32,,,,,5748,10030,18260635,183154,174404,0.60,fails_current_screen,ev_ebit=30.34(>15 or <1.6); fcfy=0.32(<4.0),,
124,44830,E35308,株式会社ＪＭＤＣ,JMDC Inc.,情報・通信業,2026-05-21,2026-05-21,4483.T,ttm_fallback,7.12,21.87,20.89,54.55,24.13,2.26,6.38,,,,,8717,2689,65438992,175965,190677,0.33,fails_current_screen,roce=7.12(<15.0); ev_ebit=21.87(>15 or <1.6),,
125,28150,E00486,アリアケジャパン株式会社,"ARIAKE JAPAN Co.,Ltd.",食料品,2026-05-21,2026-05-21,2815.T,ttm_fallback,8.23,10.28,17.0,88.09,7.49,1.33,7.42,,,,,11117,5440,31849534,173261,114321,0.80,fails_current_screen,roce=8.23(<15.0),,
126,77300,E02340,マニー株式会社,"MANI,INC.",精密機器,2026-05-21,2026-05-21,7730.T,forward,15.03,16.26,27.34,92.37,13.65,2.86,-0.08,9200,12.3,2026-04-14,2026-08-31,8193,1695,98502602,166961,149636,0.92,fails_current_screen,ev_ebit=16.26(>15 or <1.6); fcfy=-0.08(<4.0),,
127,77340,E02285,理研計器株式会社,"RIKEN KEIKI CO.,LTD.",精密機器,2026-05-21,2026-05-21,7734.T,ttm_fallback,13.14,14.05,21.7,83.55,9.49,2.07,3.42,,,,,10642,3635,45455784,165231,149528,0.94,fails_current_screen,roce=13.14(<15.0); ev_ebit=14.05(>12); fcfy=3.42(<4.0),,
128,68660,E01999,日置電機株式会社,HIOKI E.E.CORPORATION,電気機器,2026-05-21,2026-05-21,6866.T,ttm_fallback,15.25,21.30,16.76,85.36,5.65,3.54,1.73,,,,,6791,12050,13394245,161400,144677,0.72,fails_current_screen,ev_ebit=21.30(>15 or <1.6); fcfy=1.73(<4.0),,
129,21240,E05625,株式会社ジェイエイシーリクルートメント,"JAC Recruitment Co.,Ltd.",サービス業,2026-05-21,2026-05-21,2124.T,forward,51.84,9.62,25.35,72.33,14.84,5.84,0.58,12600,7.8,2026-05-13,2026-12-31,11683,859,158953625,136541,121229,5.39,fails_current_screen,fcfy=0.58(<4.0),,
130,35430,E32427,株式会社コメダホールディングス,"KOMEDA Holdings Co.,Ltd.",卸売業,2026-05-21,2026-05-21,3543.T,ttm_fallback,9.66,18.91,18.74,43.14,12.2,2.87,8.92,,,,,8820,2926,45510203,133162,166755,0.51,fails_current_screen,roce=9.66(<15.0); ev_ebit=18.91(>15 or <1.6),,
131,456A0,E41076,ＨＵＭＡＮ　ＭＡＤＥ株式会社,HUMAN MADE,小売業,2026-05-21,2026-05-21,456A.T,ttm_fallback,37.94,25.27,31.74,81.3,37.88,10.54,1.47,,,,,4531,1355,91645600,124179,114489,1.50,fails_current_screen,ev_ebit=25.27(>15 or <1.6); fcfy=1.47(<4.0),,
132,34490,E35294,株式会社テクノフレックス,TECHNOFLEX CORPORATION,金属製品,2026-05-21,2026-05-21,3449.T,ttm_fallback,12.44,29.97,15.06,65.88,5.48,3.97,4.24,,,,,3919,6470,18339090,118653,117462,0.42,fails_current_screen,roce=12.44(<15.0); ev_ebit=29.97(>15 or <1.6),,
133,52530,E38478,カバー株式会社,COVER Corporation,情報・通信業,2026-05-21,2026-05-21,5253.T,forward,44.62,12.55,18.44,51.26,47.0,6.77,2.26,8200,2.5,2026-02-12,2026-03-31,8001,1743,65650016,114427,102929,3.55,fails_current_screen,ev_ebit=12.55(>12); fcfy=2.26(<4.0),,
134,58420,E25156,インテグラル株式会社,Integral Corporation,その他金融業,2026-05-21,2026-05-21,5842.T,ttm_fallback,12.09,10.55,67.78,74.93,35.95,1.78,-1.28,,,,,9256,3360,34054206,114422,97672,1.15,fails_current_screen,roce=12.09(<15.0); fcfy=-1.28(<4.0),,
135,215A0,E39760,株式会社タイミー,"Timee,Inc.",情報・通信業,2026-05-21,2026-05-21,215A.T,ttm_fallback,44.36,16.26,19.68,43.26,76.69,7.68,1.24,,,2026-03-12,2026-04-30,6747,1121,99918997,112009,109715,2.73,fails_current_screen,ev_ebit=16.26(>15 or <1.6); fcfy=1.24(<4.0),,
136,43690,E02490,株式会社　トリケミカル研究所,Tri Chemical Laboratories Inc.,化学,2026-05-21,2026-05-21,4369.T,ttm_fallback,14.88,17.83,24.71,76.47,20.05,2.99,-3.01,,,,,5902,3335,32496751,108376,105222,0.83,fails_current_screen,roce=14.88(<15.0); ev_ebit=17.83(>15 or <1.6); fcfy=-3.01(<4.0),,
137,24920,E05609,株式会社インフォマート,Infomart Corporation,サービス業,2026-05-21,2026-05-21,2492.T,ttm_fallback,23.4,33.64,15.22,67.03,19.58,6.99,1.56,,,,,2863,376,266507867,100206,96320,0.70,fails_current_screen,ev_ebit=33.64(>15 or <1.6); fcfy=1.56(<4.0),,
138,48250,E05162,株式会社ウェザーニューズ,WEATHERNEWS INC.,情報・通信業,2026-05-21,2026-05-21,4825.T,forward,20.36,15.57,19.22,83.65,6.15,4.13,4.39,5000,10.7,2026-04-06,2026-05-31,4517,2135,44413890,94823,77853,1.31,fails_current_screen,ev_ebit=15.57(>15 or <1.6),,
139,63870,E02060,サムコ　株式会社,SAMCO INC.,機械,2026-05-21,2026-05-21,6387.T,ttm_fallback,16.09,35.42,25.08,76.28,13.43,6.40,0.91,,,,,2342,10820,8032340,86909,82961,0.45,fails_current_screen,ev_ebit=35.42(>15 or <1.6); fcfy=0.91(<4.0),,
140,57260,E01327,株式会社大阪チタニウムテクノロジーズ,"OSAKA Titanium technologies Co.,Ltd.",非鉄金属,2026-05-21,2026-05-21,5726.T,ttm_fallback,13.83,12.42,19.43,42.45,22.06,2.01,-0.72,,,,,10088,2344,36798391,86255,125336,1.11,fails_current_screen,roce=13.83(<15.0); ev_ebit=12.42(>12); fcfy=-0.72(<4.0),,
141,47650,E05097,ＳＢＩグローバルアセットマネジメント株式会社,"SBI Global Asset Management Co.,Ltd.",サービス業,2026-05-21,2026-05-21,4765.T,ttm_fallback,14.63,38.55,19.62,84.4,12.51,5.61,2.76,,,,,2269,619,138062512,85460,87477,0.38,fails_current_screen,roce=14.63(<15.0); ev_ebit=38.55(>15 or <1.6); fcfy=2.76(<4.0),,
142,39930,E33391,株式会社ＰＫＳＨＡ　Ｔｅｃｈｎｏｌｏｇｙ,PKSHA Technology Inc.,情報・通信業,2026-05-21,2026-05-21,3993.T,ttm_fallback,13.24,14.56,24.29,63.43,23.67,2.40,-1.19,,,,,5288,2753,31038863,85449,76972,0.91,fails_current_screen,roce=13.24(<15.0); ev_ebit=14.56(>12); fcfy=-1.19(<4.0),,
143,62260,E37499,守谷輸送機工業株式会社,"Moriya Transportation Engineering and Manufacturing Co.,Ltd.",機械,2026-05-21,2026-05-21,6226.T,forward,33.47,12.66,21.06,66.83,11.86,7.36,2.05,6250,2.9,2026-05-11,2026-03-31,4092,2404,35280968,84815,79104,2.64,fails_current_screen,ev_ebit=12.66(>12); fcfy=2.05(<4.0),,
144,446A0,E41104,株式会社ノースサンド,ノースサンド,サービス業,2026-05-21,2026-05-21,446A.T,forward,32.39,8.07,21.18,75.27,80.58,5.07,2.91,8630,55.6,2026-03-13,2026-01-31,5547,1211,69000000,83559,69675,4.01,fails_current_screen,fcfy=2.91(<4.0),,
145,69290,E01988,日本セラミック株式会社,"NIPPON CERAMIC CO.,LTD.",電気機器,2026-05-21,2026-05-21,6929.T,ttm_fallback,12.14,9.90,22.79,88.78,5.52,1.34,0.79,,,,,6228,3950,20704561,81783,61684,1.23,fails_current_screen,roce=12.14(<15.0); fcfy=0.79(<4.0),,
146,47460,E05066,株式会社東計電算,"Toukei Computer Co.,Ltd.",情報・通信業,2026-05-21,2026-05-21,4746.T,ttm_fallback,10.83,11.55,30.1,79.89,5.78,1.43,3.78,,,,,6270,4185,17981918,75254,72428,0.94,fails_current_screen,roce=10.83(<15.0); fcfy=3.78(<4.0),,
147,44130,E37133,株式会社ボードルア,"baudroie,inc.",情報・通信業,2026-05-21,2026-05-21,4413.T,ttm_fallback,42.6,28.38,21.12,53.14,43.74,15.10,3.16,,,,,2460,2292,31195253,71499,69805,1.50,fails_current_screen,ev_ebit=28.38(>15 or <1.6); fcfy=3.16(<4.0),,
148,60360,E31216,ＫｅｅＰｅｒ技研株式会社,"KeePer Technical Laboratory Co.,Ltd.",サービス業,2026-05-21,2026-05-21,6036.T,forward,34.59,9.23,30.74,72.67,17.16,3.74,-1.35,7287,2.7,2026-02-16,2026-06-30,7098,2552,27291114,69646,67224,3.75,fails_current_screen,fcfy=-1.35(<4.0),,
149,277A0,E40147,グロービング株式会社,Globe-ing Inc.,サービス業,2026-05-21,2026-05-21,277A.T,ttm_fallback,46.78,21.43,33.92,66.95,170.43,11.59,3.96,,,,,2800,2343,28432500,66617,60005,2.18,fails_current_screen,ev_ebit=21.43(>15 or <1.6); fcfy=3.96(<4.0),,
150,65640,E33577,株式会社ミダックホールディングス,"MIDAC HOLDINGS CO.,LTD.",サービス業,2026-05-21,2026-05-21,6564.T,forward,18.51,12.88,41.58,54.23,19.56,3.90,1.18,4792,5.7,2026-02-13,2026-03-31,4534,2181,27674378,60357,61741,1.44,fails_current_screen,ev_ebit=12.88(>12); fcfy=1.18(<4.0),,
151,34960,E34285,株式会社アズーム,"AZOOM CO.,LTD",不動産業,2026-05-21,2026-05-21,3496.T,forward,36.03,14.75,19.39,76.8,28.07,7.65,2.87,3150,20.5,2026-04-30,2026-09-30,2613,4225,12335339,52116,46452,2.44,fails_current_screen,ev_ebit=14.75(>12); fcfy=2.87(<4.0),,
152,36870,E30537,株式会社フィックスターズ,Fixstars Corporation,情報・通信業,2026-05-21,2026-05-21,3687.T,forward,30.18,17.50,26.81,86.33,15.08,5.89,2.66,2600,0.8,2026-02-13,2026-09-30,2578,1570,32252858,50636,45505,1.72,fails_current_screen,ev_ebit=17.50(>15 or <1.6); fcfy=2.66(<4.0),,
153,247A0,E39903,Ａｉロボティクス株式会社,Ai ROBOTICS INC.,化学,2026-05-21,2026-05-21,247A.T,ttm_fallback,58.71,19.28,17.46,47.51,106.73,15.26,2.29,,,,,2480,778,64899876,50492,47821,3.04,fails_current_screen,ev_ebit=19.28(>15 or <1.6); fcfy=2.29(<4.0),,
154,74090,E38695,ＡｅｒｏＥｄｇｅ株式会社,"AeroEdge Co.,Ltd",金属製品,2026-05-21,2026-05-21,7409.T,ttm_fallback,9.01,79.21,18.19,47.38,22.39,12.51,-1.23,,,,,655,4195,11886528,49863,51883,0.11,fails_current_screen,roce=9.01(<15.0); ev_ebit=79.21(>15 or <1.6); fcfy=-1.23(<4.0),,
155,95520,E37733,株式会社Ｍ＆Ａ総研ホールディングス,"Quants Research Institute Holdings,Inc.",サービス業,2026-05-21,2026-05-21,9552.T,forward,87.68,7.66,28.78,62.84,61.91,9.65,1.94,5993,25.4,2026-02-13,2025-09-30,4778,912,54061810,49304,45903,11.45,fails_current_screen,fcfy=1.94(<4.0),,
156,87060,E03784,極東証券株式会社,"KYOKUTO SECURITIES CO.,LTD.",証券、商品先物取引業,2026-05-21,2026-05-21,8706.T,ttm_fallback,4.98,18.88,34.03,65.66,7.08,0.93,1.20,,,,,2691,1564,31498314,49263,50795,0.26,fails_current_screen,roce=4.98(<15.0); ev_ebit=18.88(>15 or <1.6); pbr=0.93(<1.0); fcfy=1.20(<4.0),,
157,79310,E02002,未来工業株式会社,"MIRAI INDUSTRY CO.,LTD.",化学,2026-05-21,2026-05-21,7931.T,ttm_fallback,12.31,4.31,15.29,80.26,6.92,0.59,8.13,,,,,6897,3030,16161781,48970,29741,2.85,fails_current_screen,roce=12.31(<15.0); pbr=0.59(<1.0),,
158,89140,E04011,エリアリンク株式会社,"Arealink Co.,Ltd.",不動産業,2026-05-21,2026-05-21,8914.T,ttm_fallback,9.96,10.44,20.71,45.61,8.16,1.61,-5.30,,,,,5470,945,50831968,48036,57107,0.95,fails_current_screen,roce=9.96(<15.0); fcfy=-5.30(<4.0),,
159,44310,E34643,株式会社スマレジ,"Smaregi,Inc.",情報・通信業,2026-05-21,2026-05-21,4431.T,forward,30.2,13.29,21.47,71.85,37.07,5.74,1.20,2954,24.1,2026-03-13,2026-04-30,2375,2340,19260921,45070,39258,2.27,fails_current_screen,ev_ebit=13.29(>12); fcfy=1.20(<4.0),,
160,36920,E30877,株式会社ＦＦＲＩセキュリティ,"FFRI Security,Inc.",情報・通信業,2026-05-21,2026-05-21,3692.T,ttm_fallback,29.04,51.29,26.88,64.7,19.54,15.26,0.37,,,,,817,5570,7909575,44056,41903,0.57,fails_current_screen,ev_ebit=51.29(>15 or <1.6); fcfy=0.37(<4.0),,
161,135A0,E39382,株式会社ＶＲＡＩＮ　Ｓｏｌｕｔｉｏｎ,"VRAIN Solution,Inc.",情報・通信業,2026-05-21,2026-05-21,135A.T,ttm_fallback,41.84,72.65,27.74,75.91,83.97,30.68,-0.92,,,,,594,4255,10256000,43639,43155,0.58,fails_current_screen,ev_ebit=72.65(>15 or <1.6); fcfy=-0.92(<4.0),,
162,47430,E02909,株式会社アイティフォー,ITFOR Inc.,情報・通信業,2026-05-21,2026-05-21,4743.T,forward,18.17,8.38,17.19,79.51,6.48,2.15,0.23,4100,16.1,2026-02-12,2026-03-31,3532,1635,26474461,43285,34351,2.17,fails_current_screen,fcfy=0.23(<4.0),,
163,62310,E35449,木村工機株式会社,"KIMURA KOHKI Co.,Ltd.",機械,2026-05-21,2026-05-21,6231.T,forward,20.21,9.56,22.91,53.02,16.29,3.01,0.64,4320,17.5,2026-02-13,2026-03-31,3675,10890,3520086,38333,41290,2.11,fails_current_screen,fcfy=0.64(<4.0),,
164,350A0,E40505,デジタルグリッド株式会社,DIGITAL GRID Corporation,電気・ガス業,2026-05-21,2026-05-21,350A.T,forward,29.57,14.89,44.57,46.46,71.96,4.62,0.37,2363,-13.8,2026-03-11,2026-07-31,2742,946,40408380,38226,35191,1.99,fails_current_screen,ev_ebit=14.89(>12); fcfy=0.37(<4.0),,
165,37410,E05400,株式会社セック,"Systems Engineering Consultants Co.,LTD.",情報・通信業,2026-05-21,2026-05-21,3741.T,ttm_fallback,18.89,19.70,17.42,79.23,16.21,4.00,-0.78,,,,,1793,3675,10209612,37520,35324,0.96,fails_current_screen,ev_ebit=19.70(>15 or <1.6); fcfy=-0.78(<4.0),,
166,212A0,E39732,フィットイージー株式会社,FIT EASY Inc.,サービス業,2026-05-21,2026-05-21,212A.T,forward,32.15,10.97,23.76,58.43,45.72,6.35,-0.86,3140,35.8,2026-03-13,2026-10-31,2311,2260,16520250,37335,34450,2.93,fails_current_screen,fcfy=-0.86(<4.0),,
167,48200,E05155,株式会社イーエムシステムズ（商号　株式会社ＥＭシステムズ）,"EM SYSTEMS CO.,LTD.",情報・通信業,2026-05-21,2026-05-21,4820.T,forward,16.91,8.56,15.54,74.28,11.82,1.72,-0.60,3316,-9.8,2026-02-13,2025-12-31,3676,515,69221005,35648,28385,1.98,fails_current_screen,fcfy=-0.60(<4.0),,
168,97950,E04925,株式会社ステップ,"STEP CO.,LTD.",サービス業,2026-05-21,2026-05-21,9795.T,ttm_fallback,13.4,7.18,23.85,89.7,5.09,1.19,0.53,,,,,3780,2232,15498428,34592,27155,1.87,fails_current_screen,roce=13.40(<15.0); fcfy=0.53(<4.0),,
169,77110,E01997,助川電気工業株式会社,"SUKEGAWA ELECTRIC CO.,LTD.",精密機器,2026-05-21,2026-05-21,7711.T,ttm_fallback,20.86,24.00,21.31,64.8,8.07,5.37,2.21,,,,,1165,5080,5514789,28015,27964,0.87,fails_current_screen,ev_ebit=24.00(>15 or <1.6); fcfy=2.21(<4.0),,
170,87720,E03746,株式会社アサックス,"ASAX CO.,LTD.",その他金融業,2026-05-21,2026-05-21,8772.T,ttm_fallback,5.4,16.98,69.35,41.48,9.99,0.55,-19.94,,,,,5214,829,32976000,27337,88550,0.32,fails_current_screen,roce=5.40(<15.0); ev_ebit=16.98(>15 or <1.6); pbr=0.55(<1.0); fcfy=-19.94(<4.0),,
171,52540,E38472,株式会社Ａｒｅｎｔ,Arent Inc.,情報・通信業,2026-05-21,2026-05-21,5254.T,forward,34.39,20.53,41.97,78.92,58.49,5.08,,1032,-39.0,2026-05-13,2026-06-30,1690,3610,6857459,24755,21190,1.67,fails_current_screen,ev_ebit=20.53(>15 or <1.6); fcfy=N/A,,
172,39390,E32603,株式会社カナミックネットワーク,"Kanamic Network Co.,LTD",情報・通信業,2026-05-21,2026-05-21,3939.T,forward,31.0,10.66,29.21,71.07,30.02,5.21,2.23,2050,27.5,2026-05-13,2026-09-30,1606,517,47457294,24535,21850,2.91,fails_current_screen,fcfy=2.23(<4.0),,
173,42580,E37160,株式会社網屋,AMIYA Corporation,情報・通信業,2026-05-21,2026-05-21,4258.T,ttm_fallback,34.59,18.53,17.71,40.83,25.74,7.86,5.26,,,,,1051,2813,8210604,23096,19479,1.87,fails_current_screen,ev_ebit=18.53(>15 or <1.6),,
174,36940,E30918,株式会社オプティム,OPTiM CORPORATION,情報・通信業,2026-05-21,2026-05-21,3694.T,forward,22.57,11.09,18.47,76.79,8.38,2.56,0.66,1800,-7.9,2026-02-13,2026-03-31,1954,398,54498640,21690,19956,2.04,fails_current_screen,fcfy=0.66(<4.0),,
175,21630,E05717,株式会社アルトナー,"ARTNER CO.,LTD.",サービス業,2026-05-21,2026-05-21,2163.T,forward,25.36,8.25,15.12,57.66,9.23,3.89,0.13,2017,10.7,2026-03-13,2026-01-31,1821,1917,10599663,20319,16631,3.08,fails_current_screen,fcfy=0.13(<4.0),,
176,48090,E05414,パラカ株式会社,Paraca Inc.,不動産業,2026-05-21,2026-05-21,4809.T,ttm_fallback,7.35,12.95,18.53,42.3,10.76,0.93,-6.66,,,,,3266,1958,10143448,19860,42297,0.57,fails_current_screen,roce=7.35(<15.0); ev_ebit=12.95(>12); pbr=0.93(<1.0); fcfy=-6.66(<4.0),,
177,51390,E38180,オープンワーク株式会社,OpenWork Inc.,情報・通信業,2026-05-21,2026-05-21,5139.T,forward,17.46,9.22,25.77,81.7,31.7,2.54,-8.83,1450,20.9,2026-02-12,2025-12-31,1199,867,20758235,17997,13364,1.89,fails_current_screen,fcfy=-8.83(<4.0),,
178,39140,E31436,ＪＩＧ－ＳＡＷ株式会社,JIG-SAW INC.,情報・通信業,2026-05-21,2026-05-21,3914.T,ttm_fallback,13.91,29.54,15.16,63.63,5.91,5.35,2.07,,,,,549,2720,6577463,17890,16215,0.47,fails_current_screen,roce=13.91(<15.0); ev_ebit=29.54(>15 or <1.6); fcfy=2.07(<4.0),,
179,40550,E35824,ティアンドエスグループ株式会社,T&S Group Inc.,情報・通信業,2026-05-21,2026-05-21,4055.T,forward,25.39,17.69,18.43,79.53,8.01,5.71,3.80,800,5.8,2026-05-13,2026-09-30,756,2240,7478660,16752,14152,1.44,fails_current_screen,ev_ebit=17.69(>15 or <1.6); fcfy=3.80(<4.0),,
180,37120,E05340,株式会社情報企画,"Information Planning CO.,LTD.",情報・通信業,2026-05-21,2026-05-21,3712.T,forward,21.61,8.21,39.99,82.6,5.96,1.66,2.99,1540,0.2,2026-05-08,2026-09-30,1536,1024,15124580,15487,12639,2.63,fails_current_screen,fcfy=2.99(<4.0),,
181,51320,E38008,株式会社ｐｌｕｓｚｅｒｏ,"pluszero,Inc.",情報・通信業,2026-05-21,2026-05-21,5132.T,ttm_fallback,34.08,27.53,33.41,81.74,28.66,10.08,1.77,,,,,516,1969,7821655,15400,14207,1.24,fails_current_screen,ev_ebit=27.53(>15 or <1.6); fcfy=1.77(<4.0),,
182,89180,E04015,株式会社ランド,"LAND Co.,Ltd.",不動産業,2026-05-21,2026-05-21,8918.T,ttm_fallback,10.85,12.26,19.19,88.88,18.94,1.72,11.32,,,,,977,10,1537882893,15378,11973,0.89,fails_current_screen,roce=10.85(<15.0); ev_ebit=12.26(>12),,
183,93430,E38440,株式会社アイビス,ibis inc.,サービス業,2026-05-21,2026-05-21,9343.T,forward,39.11,9.25,24.02,69.23,13.78,5.12,-0.11,1355,12.8,2026-05-12,2026-12-31,1201,790,18418700,14550,12536,4.23,fails_current_screen,fcfy=-0.11(<4.0),,
184,276A0,E40130,ククレブ・アドバイザーズ株式会社,CCReB Advisors Inc.,不動産業,2026-05-21,2026-05-21,276A.T,ttm_fallback,28.63,23.42,23.99,55.27,70.47,5.90,-3.54,,,,,613,2876,5058023,14546,14357,1.22,fails_current_screen,ev_ebit=23.42(>15 or <1.6); fcfy=-3.54(<4.0),,
185,153A0,E39397,株式会社カウリス,Caulis Inc.,サービス業,2026-05-21,2026-05-21,153A.T,ttm_fallback,24.64,25.24,29.13,75.91,22.1,7.06,-1.41,,,,,408,1857,6292800,11685,10298,0.98,fails_current_screen,ev_ebit=25.24(>15 or <1.6); fcfy=-1.41(<4.0),,
186,40130,E35967,勤次郎株式会社,"Kinjiro Co.,Ltd.",情報・通信業,2026-05-21,2026-05-21,4013.T,ttm_fallback,12.46,6.81,28.33,74.63,14.78,1.06,-6.97,,,,,1521,583,19690765,11479,10358,1.83,fails_current_screen,roce=12.46(<15.0); fcfy=-6.97(<4.0),,
187,45700,E00986,株式会社免疫生物研究所,"Immuno-Biological Laboratories Co.,Ltd.",医薬品,2026-05-21,2026-05-21,4570.T,ttm_fallback,13.38,49.96,21.59,82.06,14.4,7.27,1.18,,,,,209,1182,9313458,11008,10441,0.27,fails_current_screen,roce=13.38(<15.0); ev_ebit=49.96(>15 or <1.6); fcfy=1.18(<4.0),,
188,17170,E05377,明豊ファシリティワークス株式会社,Meiho Facility Works Ltd.,建設業,2026-05-21,2026-05-21,1717.T,forward,19.1,7.55,21.46,69.72,10.3,1.72,-4.00,1297,2.2,2026-05-12,2026-03-31,1226,903,11758656,10618,9789,2.53,fails_current_screen,fcfy=-4.00(<4.0),,
189,369A0,E36667,株式会社エータイ,"A-tie Co.,Ltd.",サービス業,2026-05-21,2026-05-21,369A.T,forward,21.66,8.92,24.35,81.47,18.0,3.07,-0.63,859,20.5,2026-04-14,2026-08-31,713,2289,4242900,9711,7663,2.43,fails_current_screen,fcfy=-0.63(<4.0),,
190,55820,E38683,株式会社グリッド,GRID Inc.,情報・通信業,2026-05-21,2026-05-21,5582.T,ttm_fallback,10.87,14.95,20.76,89.19,31.36,2.43,3.75,,,,,428,2006,4780146,9588,6396,0.73,fails_current_screen,roce=10.87(<15.0); ev_ebit=14.95(>12); fcfy=3.75(<4.0),,
191,23030,E05289,株式会社ドーン,Dawn Corporation,情報・通信業,2026-05-21,2026-05-21,2303.T,forward,20.53,12.08,34.87,89.46,10.45,2.72,-0.43,610,6.3,2026-04-09,2026-05-31,574,2725,2972694,8100,7366,1.70,fails_current_screen,ev_ebit=12.08(>12); fcfy=-0.43(<4.0),,
192,338A0,E40429,株式会社ＺｅｎｍｕＴｅｃｈ,"ZenmuTech,Inc.",情報・通信業,2026-05-21,2026-05-21,338A.T,ttm_fallback,17.69,50.13,16.92,63.33,54.22,9.76,-1.17,,,,,144,2906,2721200,7907,7218,0.35,fails_current_screen,ev_ebit=50.13(>15 or <1.6); fcfy=-1.17(<4.0),,
193,40540,E35821,日本情報クリエイト株式会社,"Japan PropTech Co.,Ltd.",情報・通信業,2026-05-21,2026-05-21,4054.T,forward,24.04,5.57,19.78,68.2,18.45,1.81,-2.05,1200,19.5,2026-02-12,2026-06-30,1004,529,13725837,7260,6684,4.32,fails_current_screen,fcfy=-2.05(<4.0),,
194,48900,E36956,株式会社坪田ラボ,Tsubota Laboratory Incorporated,サービス業,2026-05-21,2026-05-21,4890.T,ttm_fallback,14.22,22.27,17.35,63.41,28.41,4.21,-4.98,,,,,235,259,25794300,6680,5232,0.64,fails_current_screen,roce=14.22(<15.0); ev_ebit=22.27(>15 or <1.6); fcfy=-4.98(<4.0),,
195,40600,E35930,ｒａｋｕｍｏ株式会社,rakumo Inc.,情報・通信業,2026-05-21,2026-05-21,4060.T,ttm_fallback,13.95,11.83,23.39,45.24,18.61,3.28,-17.48,,,,,428,1049,5829332,6114,5062,1.18,fails_current_screen,roce=13.95(<15.0); fcfy=-17.48(<4.0),,
196,55990,E39122,Ｓ＆Ｊ株式会社,S&J Corporation,情報・通信業,2026-05-21,2026-05-21,5599.T,forward,20.98,5.57,21.64,74.06,21.7,2.69,-1.08,620,11.5,2026-05-13,2026-03-31,420,979,5571204,5454,3456,3.76,fails_current_screen,fcfy=-1.08(<4.0),,
197,55910,E38949,株式会社ＡＶＩＬＥＮ,AVILEN Inc.,情報・通信業,2026-05-21,2026-05-21,5591.T,ttm_fallback,28.02,16.54,16.4,52.63,31.71,6.66,3.25,,,,,274,792,6107654,4837,4532,1.69,fails_current_screen,ev_ebit=16.54(>15 or <1.6); fcfy=3.25(<4.0),,
198,335A0,E40477,株式会社ミライロ,Mirairo Inc.,サービス業,2026-05-21,2026-05-21,335A.T,ttm_fallback,15.22,24.26,17.08,75.25,10.56,4.76,3.30,,,,,142,380,11020100,4187,3444,0.63,fails_current_screen,ev_ebit=24.26(>15 or <1.6); fcfy=3.30(<4.0),,
199,39130,E31354,ＧｒｅｅｎＢｅｅ株式会社,"GreenBee,Inc.",情報・通信業,2026-05-21,2026-05-21,3913.T,ttm_fallback,11.08,5.70,17.16,82.92,5.16,1.50,12.13,,,,,165,1049,2018250,2117,940,1.94,fails_current_screen,roce=11.08(<15.0),,
200,198A0,E39708,ＰｏｓｔＰｒｉｍｅ株式会社,PostPrime Inc.,情報・通信業,2026-05-21,2026-05-21,198A.T,ttm_fallback,18.36,2.40,20.41,79.62,11.67,1.57,-3.01,-316,,2026-04-13,2026-05-31,183,152,10252060,1558,439,7.65,fails_current_screen,fcfy=-3.01(<4.0),,
